season_end_year,team_bbref,coach,games_coached,team_game_first,team_game_last,stint_index,n_coaches_that_season,team
2001,ATL,Lon Kruger,82,1,82,1,1,ATL
2001,BOS,Rick Pitino,34,1,34,1,2,BOS
2001,BOS,Jim O'Brien,48,35,82,2,2,BOS
2001,CHH,Paul Silas,82,1,82,1,1,CHA
2001,CHI,Tim Floyd,82,1,82,1,1,CHI
2001,CLE,Randy Wittman,82,1,82,1,1,CLE
2001,DAL,Don Nelson,82,1,82,1,1,DAL
2001,DEN,Dan Issel,82,1,82,1,1,DEN
2001,DET,George Irvine,82,1,82,1,1,DET
2001,GSW,Dave Cowens,82,1,82,1,1,GSW
2001,HOU,Rudy Tomjanovich,82,1,82,1,1,HOU
2001,IND,Isiah Thomas,82,1,82,1,1,IND
2001,LAC,Alvin Gentry,82,1,82,1,1,LAC
2001,LAL,Phil Jackson,82,1,82,1,1,LAL
2001,MIA,Pat Riley,82,1,82,1,1,MIA
2001,MIL,George Karl,82,1,82,1,1,MIL
2001,MIN,Flip Saunders,82,1,82,1,1,MIN
2001,NJN,Byron Scott,82,1,82,1,1,NJN
2001,NYK,Jeff Van Gundy,82,1,82,1,1,NYK
2001,ORL,Doc Rivers,82,1,82,1,1,ORL
2001,PHI,Larry Brown,82,1,82,1,1,PHI
2001,PHO,Scott Skiles,82,1,82,1,1,PHX
2001,POR,Mike Dunleavy,82,1,82,1,1,POR
2001,SAC,Rick Adelman,82,1,82,1,1,SAC
2001,SAS,Gregg Popovich,82,1,82,1,1,SAS
2001,SEA,Paul Westphal,15,1,15,1,2,SEA
2001,SEA,Nate McMillan,67,16,82,2,2,SEA
2001,TOR,Lenny Wilkens,82,1,82,1,1,TOR
2001,UTA,Jerry Sloan,82,1,82,1,1,UTA
2001,VAN,Sidney Lowe,82,1,82,1,1,VAN
2001,WAS,Leonard Hamilton,82,1,82,1,1,WAS
2002,ATL,Lon Kruger,82,1,82,1,1,ATL
2002,BOS,Jim O'Brien,82,1,82,1,1,BOS
2002,CHH,Paul Silas,82,1,82,1,1,CHA
2002,CHI,Tim Floyd,25,1,25,1,3,CHI
2002,CHI,Bill Berry,2,26,27,2,3,CHI
2002,CHI,Bill Cartwright,55,28,82,3,3,CHI
2002,CLE,John Lucas,82,1,82,1,1,CLE
2002,DAL,Don Nelson,82,1,82,1,1,DAL
2002,DEN,Dan Issel,26,1,26,1,2,DEN
2002,DEN,Mike Evans,56,27,82,2,2,DEN
2002,DET,Rick Carlisle,82,1,82,1,1,DET
2002,GSW,Dave Cowens,23,1,23,1,2,GSW
2002,GSW,Brian Winters,59,24,82,2,2,GSW
2002,HOU,Rudy Tomjanovich,82,1,82,1,1,HOU
2002,IND,Isiah Thomas,82,1,82,1,1,IND
2002,LAC,Alvin Gentry,82,1,82,1,1,LAC
2002,LAL,Phil Jackson,82,1,82,1,1,LAL
2002,MEM,Sidney Lowe,82,1,82,1,1,MEM
2002,MIA,Pat Riley,82,1,82,1,1,MIA
2002,MIL,George Karl,82,1,82,1,1,MIL
2002,MIN,Flip Saunders,82,1,82,1,1,MIN
2002,NJN,Byron Scott,82,1,82,1,1,NJN
2002,NYK,Jeff Van Gundy,19,1,19,1,2,NYK
2002,NYK,Don Chaney,63,20,82,2,2,NYK
2002,ORL,Doc Rivers,82,1,82,1,1,ORL
2002,PHI,Larry Brown,82,1,82,1,1,PHI
2002,PHO,Scott Skiles,51,1,51,1,2,PHX
2002,PHO,Frank Johnson,31,52,82,2,2,PHX
2002,POR,Maurice Cheeks,82,1,82,1,1,POR
2002,SAC,Rick Adelman,82,1,82,1,1,SAC
2002,SAS,Gregg Popovich,82,1,82,1,1,SAS
2002,SEA,Nate McMillan,82,1,82,1,1,SEA
2002,TOR,Lenny Wilkens,82,1,82,1,1,TOR
2002,UTA,Jerry Sloan,82,1,82,1,1,UTA
2002,WAS,Doug Collins,82,1,82,1,1,WAS
2003,ATL,Lon Kruger,27,1,27,1,2,ATL
2003,ATL,Terry Stotts,55,28,82,2,2,ATL
2003,BOS,Jim O'Brien,82,1,82,1,1,BOS
2003,CHI,Bill Cartwright,82,1,82,1,1,CHI
2003,CLE,John Lucas,42,1,42,1,2,CLE
2003,CLE,Keith Smart,40,43,82,2,2,CLE
2003,DAL,Don Nelson,82,1,82,1,1,DAL
2003,DEN,Jeff Bzdelik,82,1,82,1,1,DEN
2003,DET,Rick Carlisle,82,1,82,1,1,DET
2003,GSW,Eric Musselman,82,1,82,1,1,GSW
2003,HOU,Rudy Tomjanovich,82,1,82,1,1,HOU
2003,IND,Isiah Thomas,82,1,82,1,1,IND
2003,LAC,Alvin Gentry,58,1,58,1,2,LAC
2003,LAC,Dennis Johnson,24,59,82,2,2,LAC
2003,LAL,Phil Jackson,82,1,82,1,1,LAL
2003,MEM,Sidney Lowe,8,1,8,1,2,MEM
2003,MEM,Hubie Brown,74,9,82,2,2,MEM
2003,MIA,Pat Riley,82,1,82,1,1,MIA
2003,MIL,George Karl,82,1,82,1,1,MIL
2003,MIN,Flip Saunders,82,1,82,1,1,MIN
2003,NJN,Byron Scott,82,1,82,1,1,NJN
2003,NOH,Paul Silas,82,1,82,1,1,NOP
2003,NYK,Don Chaney,82,1,82,1,1,NYK
2003,ORL,Doc Rivers,82,1,82,1,1,ORL
2003,PHI,Larry Brown,82,1,82,1,1,PHI
2003,PHO,Frank Johnson,82,1,82,1,1,PHX
2003,POR,Maurice Cheeks,82,1,82,1,1,POR
2003,SAC,Rick Adelman,82,1,82,1,1,SAC
2003,SAS,Gregg Popovich,82,1,82,1,1,SAS
2003,SEA,Nate McMillan,82,1,82,1,1,SEA
2003,TOR,Lenny Wilkens,82,1,82,1,1,TOR
2003,UTA,Jerry Sloan,82,1,82,1,1,UTA
2003,WAS,Doug Collins,82,1,82,1,1,WAS
2004,ATL,Terry Stotts,82,1,82,1,1,ATL
2004,BOS,Jim O'Brien,46,1,46,1,2,BOS
2004,BOS,John Carroll,36,47,82,2,2,BOS
2004,CHI,Bill Cartwright,14,1,14,1,3,CHI
2004,CHI,Pete Myers,2,15,16,2,3,CHI
2004,CHI,Scott Skiles,66,17,82,3,3,CHI
2004,CLE,Paul Silas,82,1,82,1,1,CLE
2004,DAL,Don Nelson,82,1,82,1,1,DAL
2004,DEN,Jeff Bzdelik,82,1,82,1,1,DEN
2004,DET,Larry Brown,82,1,82,1,1,DET
2004,GSW,Eric Musselman,82,1,82,1,1,GSW
2004,HOU,Jeff Van Gundy,82,1,82,1,1,HOU
2004,IND,Rick Carlisle,82,1,82,1,1,IND
2004,LAC,Mike Dunleavy,82,1,82,1,1,LAC
2004,LAL,Phil Jackson,82,1,82,1,1,LAL
2004,MEM,Hubie Brown,82,1,82,1,1,MEM
2004,MIA,Stan Van Gundy,82,1,82,1,1,MIA
2004,MIL,Terry Porter,82,1,82,1,1,MIL
2004,MIN,Flip Saunders,82,1,82,1,1,MIN
2004,NJN,Byron Scott,42,1,42,1,2,NJN
2004,NJN,Lawrence Frank,40,43,82,2,2,NJN
2004,NOH,Tim Floyd,82,1,82,1,1,NOP
2004,NYK,Don Chaney,39,1,39,1,3,NYK
2004,NYK,Herb Williams,1,40,40,2,3,NYK
2004,NYK,Lenny Wilkens,42,41,82,3,3,NYK
2004,ORL,Doc Rivers,11,1,11,1,2,ORL
2004,ORL,Johnny Davis,71,12,82,2,2,ORL
2004,PHI,Randy Ayers,52,1,52,1,2,PHI
2004,PHI,Chris Ford,30,53,82,2,2,PHI
2004,PHO,Frank Johnson,21,1,21,1,2,PHX
2004,PHO,Mike D'Antoni,61,22,82,2,2,PHX
2004,POR,Maurice Cheeks,82,1,82,1,1,POR
2004,SAC,Rick Adelman,82,1,82,1,1,SAC
2004,SAS,Gregg Popovich,82,1,82,1,1,SAS
2004,SEA,Nate McMillan,82,1,82,1,1,SEA
2004,TOR,Kevin O'Neill,82,1,82,1,1,TOR
2004,UTA,Jerry Sloan,82,1,82,1,1,UTA
2004,WAS,Eddie Jordan,82,1,82,1,1,WAS
2005,ATL,Mike Woodson,82,1,82,1,1,ATL
2005,BOS,Doc Rivers,82,1,82,1,1,BOS
2005,CHA,Bernie Bickerstaff,82,1,82,1,1,CHA
2005,CHI,Scott Skiles,82,1,82,1,1,CHI
2005,CLE,Paul Silas,64,1,64,1,2,CLE
2005,CLE,Brendan Malone,18,65,82,2,2,CLE
2005,DAL,Don Nelson,64,1,64,1,2,DAL
2005,DAL,Avery Johnson,18,65,82,2,2,DAL
2005,DEN,Jeff Bzdelik,28,1,28,1,3,DEN
2005,DEN,Michael Cooper,14,29,42,2,3,DEN
2005,DEN,George Karl,40,43,82,3,3,DEN
2005,DET,Larry Brown,82,1,82,1,1,DET
2005,GSW,Mike Montgomery,82,1,82,1,1,GSW
2005,HOU,Jeff Van Gundy,82,1,82,1,1,HOU
2005,IND,Rick Carlisle,82,1,82,1,1,IND
2005,LAC,Mike Dunleavy,82,1,82,1,1,LAC
2005,LAL,Rudy Tomjanovich,43,1,43,1,2,LAL
2005,LAL,Frank Hamblen,39,44,82,2,2,LAL
2005,MEM,Hubie Brown,12,1,12,1,3,MEM
2005,MEM,Lionel Hollins,4,13,16,2,3,MEM
2005,MEM,Mike Fratello,66,17,82,3,3,MEM
2005,MIA,Stan Van Gundy,82,1,82,1,1,MIA
2005,MIL,Terry Porter,82,1,82,1,1,MIL
2005,MIN,Flip Saunders,51,1,51,1,2,MIN
2005,MIN,Kevin McHale,31,52,82,2,2,MIN
2005,NJN,Lawrence Frank,82,1,82,1,1,NJN
2005,NOH,Byron Scott,82,1,82,1,1,NOP
2005,NYK,Lenny Wilkens,39,1,39,1,2,NYK
2005,NYK,Herb Williams,43,40,82,2,2,NYK
2005,ORL,Johnny Davis,64,1,64,1,2,ORL
2005,ORL,Chris Jent,18,65,82,2,2,ORL
2005,PHI,Jim O'Brien,82,1,82,1,1,PHI
2005,PHO,Mike D'Antoni,82,1,82,1,1,PHX
2005,POR,Maurice Cheeks,55,1,55,1,2,POR
2005,POR,Kevin Pritchard,27,56,82,2,2,POR
2005,SAC,Rick Adelman,82,1,82,1,1,SAC
2005,SAS,Gregg Popovich,82,1,82,1,1,SAS
2005,SEA,Nate McMillan,82,1,82,1,1,SEA
2005,TOR,Sam Mitchell,82,1,82,1,1,TOR
2005,UTA,Jerry Sloan,82,1,82,1,1,UTA
2005,WAS,Eddie Jordan,82,1,82,1,1,WAS
2006,ATL,Mike Woodson,82,1,82,1,1,ATL
2006,BOS,Doc Rivers,82,1,82,1,1,BOS
2006,CHA,Bernie Bickerstaff,82,1,82,1,1,CHA
2006,CHI,Scott Skiles,82,1,82,1,1,CHI
2006,CLE,Mike Brown,82,1,82,1,1,CLE
2006,DAL,Avery Johnson,82,1,82,1,1,DAL
2006,DEN,George Karl,82,1,82,1,1,DEN
2006,DET,Flip Saunders,82,1,82,1,1,DET
2006,GSW,Mike Montgomery,82,1,82,1,1,GSW
2006,HOU,Jeff Van Gundy,82,1,82,1,1,HOU
2006,IND,Rick Carlisle,82,1,82,1,1,IND
2006,LAC,Mike Dunleavy,82,1,82,1,1,LAC
2006,LAL,Phil Jackson,82,1,82,1,1,LAL
2006,MEM,Mike Fratello,82,1,82,1,1,MEM
2006,MIA,Stan Van Gundy,21,1,21,1,2,MIA
2006,MIA,Pat Riley,61,22,82,2,2,MIA
2006,MIL,Terry Stotts,82,1,82,1,1,MIL
2006,MIN,Dwane Casey,82,1,82,1,1,MIN
2006,NJN,Lawrence Frank,82,1,82,1,1,NJN
2006,NOK,Byron Scott,82,1,82,1,1,NOP
2006,NYK,Larry Brown,82,1,82,1,1,NYK
2006,ORL,Brian Hill,82,1,82,1,1,ORL
2006,PHI,Maurice Cheeks,82,1,82,1,1,PHI
2006,PHO,Mike D'Antoni,82,1,82,1,1,PHX
2006,POR,Nate McMillan,82,1,82,1,1,POR
2006,SAC,Rick Adelman,82,1,82,1,1,SAC
2006,SAS,Gregg Popovich,82,1,82,1,1,SAS
2006,SEA,Bob Weiss,30,1,30,1,2,SEA
2006,SEA,Bob Hill,52,31,82,2,2,SEA
2006,TOR,Sam Mitchell,82,1,82,1,1,TOR
2006,UTA,Jerry Sloan,82,1,82,1,1,UTA
2006,WAS,Eddie Jordan,82,1,82,1,1,WAS
2007,ATL,Mike Woodson,82,1,82,1,1,ATL
2007,BOS,Doc Rivers,82,1,82,1,1,BOS
2007,CHA,Bernie Bickerstaff,82,1,82,1,1,CHA
2007,CHI,Scott Skiles,82,1,82,1,1,CHI
2007,CLE,Mike Brown,82,1,82,1,1,CLE
2007,DAL,Avery Johnson,82,1,82,1,1,DAL
2007,DEN,George Karl,82,1,82,1,1,DEN
2007,DET,Flip Saunders,82,1,82,1,1,DET
2007,GSW,Don Nelson,82,1,82,1,1,GSW
2007,HOU,Jeff Van Gundy,82,1,82,1,1,HOU
2007,IND,Rick Carlisle,82,1,82,1,1,IND
2007,LAC,Mike Dunleavy,82,1,82,1,1,LAC
2007,LAL,Phil Jackson,82,1,82,1,1,LAL
2007,MEM,Mike Fratello,30,1,30,1,2,MEM
2007,MEM,Tony Barone,52,31,82,2,2,MEM
2007,MIA,Pat Riley,82,1,82,1,1,MIA
2007,MIL,Terry Stotts,64,1,64,1,2,MIL
2007,MIL,Larry Krystkowiak,18,65,82,2,2,MIL
2007,MIN,Dwane Casey,40,1,40,1,2,MIN
2007,MIN,Randy Wittman,42,41,82,2,2,MIN
2007,NJN,Lawrence Frank,82,1,82,1,1,NJN
2007,NOK,Byron Scott,82,1,82,1,1,NOP
2007,NYK,Isiah Thomas,82,1,82,1,1,NYK
2007,ORL,Brian Hill,82,1,82,1,1,ORL
2007,PHI,Maurice Cheeks,82,1,82,1,1,PHI
2007,PHO,Mike D'Antoni,82,1,82,1,1,PHX
2007,POR,Nate McMillan,82,1,82,1,1,POR
2007,SAC,Eric Musselman,82,1,82,1,1,SAC
2007,SAS,Gregg Popovich,82,1,82,1,1,SAS
2007,SEA,Bob Hill,82,1,82,1,1,SEA
2007,TOR,Sam Mitchell,82,1,82,1,1,TOR
2007,UTA,Jerry Sloan,82,1,82,1,1,UTA
2007,WAS,Eddie Jordan,82,1,82,1,1,WAS
2008,ATL,Mike Woodson,82,1,82,1,1,ATL
2008,BOS,Doc Rivers,82,1,82,1,1,BOS
2008,CHA,Sam Vincent,82,1,82,1,1,CHA
2008,CHI,Scott Skiles,25,1,25,1,3,CHI
2008,CHI,Pete Myers,1,26,26,2,3,CHI
2008,CHI,Jim Boylan,56,27,82,3,3,CHI
2008,CLE,Mike Brown,82,1,82,1,1,CLE
2008,DAL,Avery Johnson,82,1,82,1,1,DAL
2008,DEN,George Karl,82,1,82,1,1,DEN
2008,DET,Flip Saunders,82,1,82,1,1,DET
2008,GSW,Don Nelson,82,1,82,1,1,GSW
2008,HOU,Rick Adelman,82,1,82,1,1,HOU
2008,IND,Jim O'Brien,82,1,82,1,1,IND
2008,LAC,Mike Dunleavy,82,1,82,1,1,LAC
2008,LAL,Phil Jackson,82,1,82,1,1,LAL
2008,MEM,Marc Iavaroni,82,1,82,1,1,MEM
2008,MIA,Pat Riley,82,1,82,1,1,MIA
2008,MIL,Larry Krystkowiak,82,1,82,1,1,MIL
2008,MIN,Randy Wittman,82,1,82,1,1,MIN
2008,NJN,Lawrence Frank,82,1,82,1,1,NJN
2008,NOH,Byron Scott,82,1,82,1,1,NOP
2008,NYK,Isiah Thomas,82,1,82,1,1,NYK
2008,ORL,Stan Van Gundy,82,1,82,1,1,ORL
2008,PHI,Maurice Cheeks,82,1,82,1,1,PHI
2008,PHO,Mike D'Antoni,82,1,82,1,1,PHX
2008,POR,Nate McMillan,82,1,82,1,1,POR
2008,SAC,Reggie Theus,82,1,82,1,1,SAC
2008,SAS,Gregg Popovich,82,1,82,1,1,SAS
2008,SEA,P.J. Carlesimo,82,1,82,1,1,SEA
2008,TOR,Sam Mitchell,82,1,82,1,1,TOR
2008,UTA,Jerry Sloan,82,1,82,1,1,UTA
2008,WAS,Eddie Jordan,82,1,82,1,1,WAS
2009,ATL,Mike Woodson,82,1,82,1,1,ATL
2009,BOS,Doc Rivers,82,1,82,1,1,BOS
2009,CHA,Larry Brown,82,1,82,1,1,CHA
2009,CHI,Vinny Del Negro,82,1,82,1,1,CHI
2009,CLE,Mike Brown,82,1,82,1,1,CLE
2009,DAL,Rick Carlisle,82,1,82,1,1,DAL
2009,DEN,George Karl,82,1,82,1,1,DEN
2009,DET,Michael Curry,82,1,82,1,1,DET
2009,GSW,Don Nelson,82,1,82,1,1,GSW
2009,HOU,Rick Adelman,82,1,82,1,1,HOU
2009,IND,Jim O'Brien,82,1,82,1,1,IND
2009,LAC,Mike Dunleavy,82,1,82,1,1,LAC
2009,LAL,Phil Jackson,82,1,82,1,1,LAL
2009,MEM,Marc Iavaroni,41,1,41,1,3,MEM
2009,MEM,Johnny Davis,2,42,43,2,3,MEM
2009,MEM,Lionel Hollins,39,44,82,3,3,MEM
2009,MIA,Erik Spoelstra,82,1,82,1,1,MIA
2009,MIL,Scott Skiles,82,1,82,1,1,MIL
2009,MIN,Randy Wittman,19,1,19,1,2,MIN
2009,MIN,Kevin McHale,63,20,82,2,2,MIN
2009,NJN,Lawrence Frank,82,1,82,1,1,NJN
2009,NOH,Byron Scott,82,1,82,1,1,NOP
2009,NYK,Mike D'Antoni,82,1,82,1,1,NYK
2009,OKC,P.J. Carlesimo,13,1,13,1,2,OKC
2009,OKC,Scott Brooks,69,14,82,2,2,OKC
2009,ORL,Stan Van Gundy,82,1,82,1,1,ORL
2009,PHI,Maurice Cheeks,23,1,23,1,2,PHI
2009,PHI,Tony DiLeo,59,24,82,2,2,PHI
2009,PHO,Terry Porter,51,1,51,1,2,PHX
2009,PHO,Alvin Gentry,31,52,82,2,2,PHX
2009,POR,Nate McMillan,82,1,82,1,1,POR
2009,SAC,Reggie Theus,24,1,24,1,2,SAC
2009,SAC,Kenny Natt,58,25,82,2,2,SAC
2009,SAS,Gregg Popovich,82,1,82,1,1,SAS
2009,TOR,Sam Mitchell,17,1,17,1,2,TOR
2009,TOR,Jay Triano,65,18,82,2,2,TOR
2009,UTA,Jerry Sloan,82,1,82,1,1,UTA
2009,WAS,Eddie Jordan,11,1,11,1,2,WAS
2009,WAS,Ed Tapscott,71,12,82,2,2,WAS
2010,ATL,Mike Woodson,82,1,82,1,1,ATL
2010,BOS,Doc Rivers,82,1,82,1,1,BOS
2010,CHA,Larry Brown,82,1,82,1,1,CHA
2010,CHI,Vinny Del Negro,82,1,82,1,1,CHI
2010,CLE,Mike Brown,82,1,82,1,1,CLE
2010,DAL,Rick Carlisle,82,1,82,1,1,DAL
2010,DEN,George Karl,82,1,82,1,1,DEN
2010,DET,John Kuester,82,1,82,1,1,DET
2010,GSW,Don Nelson,82,1,82,1,1,GSW
2010,HOU,Rick Adelman,82,1,82,1,1,HOU
2010,IND,Jim O'Brien,82,1,82,1,1,IND
2010,LAC,Mike Dunleavy,49,1,49,1,2,LAC
2010,LAC,Kim Hughes,33,50,82,2,2,LAC
2010,LAL,Phil Jackson,82,1,82,1,1,LAL
2010,MEM,Lionel Hollins,82,1,82,1,1,MEM
2010,MIA,Erik Spoelstra,82,1,82,1,1,MIA
2010,MIL,Scott Skiles,82,1,82,1,1,MIL
2010,MIN,Kurt Rambis,82,1,82,1,1,MIN
2010,NJN,Lawrence Frank,16,1,16,1,3,NJN
2010,NJN,Tom Barrise,2,17,18,2,3,NJN
2010,NJN,Kiki Vandeweghe,64,19,82,3,3,NJN
2010,NOH,Byron Scott,9,1,9,1,2,NOP
2010,NOH,Jeff Bower,73,10,82,2,2,NOP
2010,NYK,Mike D'Antoni,82,1,82,1,1,NYK
2010,OKC,Scott Brooks,82,1,82,1,1,OKC
2010,ORL,Stan Van Gundy,82,1,82,1,1,ORL
2010,PHI,Eddie Jordan,82,1,82,1,1,PHI
2010,PHO,Alvin Gentry,82,1,82,1,1,PHX
2010,POR,Nate McMillan,82,1,82,1,1,POR
2010,SAC,Paul Westphal,82,1,82,1,1,SAC
2010,SAS,Gregg Popovich,82,1,82,1,1,SAS
2010,TOR,Jay Triano,82,1,82,1,1,TOR
2010,UTA,Jerry Sloan,82,1,82,1,1,UTA
2010,WAS,Flip Saunders,82,1,82,1,1,WAS
2011,ATL,Larry Drew,82,1,82,1,1,ATL
2011,BOS,Doc Rivers,82,1,82,1,1,BOS
2011,CHA,Larry Brown,28,1,28,1,2,CHA
2011,CHA,Paul Silas,54,29,82,2,2,CHA
2011,CHI,Tom Thibodeau,82,1,82,1,1,CHI
2011,CLE,Byron Scott,82,1,82,1,1,CLE
2011,DAL,Rick Carlisle,82,1,82,1,1,DAL
2011,DEN,George Karl,82,1,82,1,1,DEN
2011,DET,John Kuester,82,1,82,1,1,DET
2011,GSW,Keith Smart,82,1,82,1,1,GSW
2011,HOU,Rick Adelman,82,1,82,1,1,HOU
2011,IND,Jim O'Brien,44,1,44,1,2,IND
2011,IND,Frank Vogel,38,45,82,2,2,IND
2011,LAC,Vinny Del Negro,82,1,82,1,1,LAC
2011,LAL,Phil Jackson,82,1,82,1,1,LAL
2011,MEM,Lionel Hollins,82,1,82,1,1,MEM
2011,MIA,Erik Spoelstra,82,1,82,1,1,MIA
2011,MIL,Scott Skiles,82,1,82,1,1,MIL
2011,MIN,Kurt Rambis,82,1,82,1,1,MIN
2011,NJN,Avery Johnson,82,1,82,1,1,NJN
2011,NOH,Monty Williams,82,1,82,1,1,NOP
2011,NYK,Mike D'Antoni,82,1,82,1,1,NYK
2011,OKC,Scott Brooks,82,1,82,1,1,OKC
2011,ORL,Stan Van Gundy,82,1,82,1,1,ORL
2011,PHI,Doug Collins,82,1,82,1,1,PHI
2011,PHO,Alvin Gentry,82,1,82,1,1,PHX
2011,POR,Nate McMillan,82,1,82,1,1,POR
2011,SAC,Paul Westphal,82,1,82,1,1,SAC
2011,SAS,Gregg Popovich,82,1,82,1,1,SAS
2011,TOR,Jay Triano,82,1,82,1,1,TOR
2011,UTA,Jerry Sloan,54,1,54,1,2,UTA
2011,UTA,Tyrone Corbin,28,55,82,2,2,UTA
2011,WAS,Flip Saunders,82,1,82,1,1,WAS
2012,ATL,Larry Drew,66,1,66,1,1,ATL
2012,BOS,Doc Rivers,66,1,66,1,1,BOS
2012,CHA,Paul Silas,66,1,66,1,1,CHA
2012,CHI,Tom Thibodeau,66,1,66,1,1,CHI
2012,CLE,Byron Scott,66,1,66,1,1,CLE
2012,DAL,Rick Carlisle,66,1,66,1,1,DAL
2012,DEN,George Karl,66,1,66,1,1,DEN
2012,DET,Lawrence Frank,66,1,66,1,1,DET
2012,GSW,Mark Jackson,66,1,66,1,1,GSW
2012,HOU,Kevin McHale,66,1,66,1,1,HOU
2012,IND,Frank Vogel,66,1,66,1,1,IND
2012,LAC,Vinny Del Negro,66,1,66,1,1,LAC
2012,LAL,Mike Brown,66,1,66,1,1,LAL
2012,MEM,Lionel Hollins,66,1,66,1,1,MEM
2012,MIA,Erik Spoelstra,66,1,66,1,1,MIA
2012,MIL,Scott Skiles,66,1,66,1,1,MIL
2012,MIN,Rick Adelman,66,1,66,1,1,MIN
2012,NJN,Avery Johnson,66,1,66,1,1,NJN
2012,NOH,Monty Williams,66,1,66,1,1,NOP
2012,NYK,Mike D'Antoni,42,1,42,1,2,NYK
2012,NYK,Mike Woodson,24,43,66,2,2,NYK
2012,OKC,Scott Brooks,66,1,66,1,1,OKC
2012,ORL,Stan Van Gundy,66,1,66,1,1,ORL
2012,PHI,Doug Collins,66,1,66,1,1,PHI
2012,PHO,Alvin Gentry,66,1,66,1,1,PHX
2012,POR,Nate McMillan,43,1,43,1,2,POR
2012,POR,Kaleb Canales,23,44,66,2,2,POR
2012,SAC,Paul Westphal,7,1,7,1,2,SAC
2012,SAC,Keith Smart,59,8,66,2,2,SAC
2012,SAS,Gregg Popovich,66,1,66,1,1,SAS
2012,TOR,Dwane Casey,66,1,66,1,1,TOR
2012,UTA,Tyrone Corbin,66,1,66,1,1,UTA
2012,WAS,Flip Saunders,17,1,17,1,2,WAS
2012,WAS,Randy Wittman,49,18,66,2,2,WAS
2013,ATL,Larry Drew,82,1,82,1,1,ATL
2013,BOS,Doc Rivers,81,1,81,1,1,BOS
2013,BRK,Avery Johnson,28,1,28,1,2,BKN
2013,BRK,P.J. Carlesimo,54,29,82,2,2,BKN
2013,CHA,Mike Dunlap,82,1,82,1,1,CHA
2013,CHI,Tom Thibodeau,82,1,82,1,1,CHI
2013,CLE,Byron Scott,82,1,82,1,1,CLE
2013,DAL,Rick Carlisle,82,1,82,1,1,DAL
2013,DEN,George Karl,82,1,82,1,1,DEN
2013,DET,Lawrence Frank,82,1,82,1,1,DET
2013,GSW,Mark Jackson,82,1,82,1,1,GSW
2013,HOU,Kevin McHale,82,1,82,1,1,HOU
2013,IND,Frank Vogel,81,1,81,1,1,IND
2013,LAC,Vinny Del Negro,82,1,82,1,1,LAC
2013,LAL,Mike Brown,5,1,5,1,3,LAL
2013,LAL,Bernie Bickerstaff,5,6,10,2,3,LAL
2013,LAL,Mike D'Antoni,72,11,82,3,3,LAL
2013,MEM,Lionel Hollins,82,1,82,1,1,MEM
2013,MIA,Erik Spoelstra,82,1,82,1,1,MIA
2013,MIL,Scott Skiles,32,1,32,1,2,MIL
2013,MIL,Jim Boylan,50,33,82,2,2,MIL
2013,MIN,Rick Adelman,82,1,82,1,1,MIN
2013,NOH,Monty Williams,82,1,82,1,1,NOP
2013,NYK,Mike Woodson,82,1,82,1,1,NYK
2013,OKC,Scott Brooks,82,1,82,1,1,OKC
2013,ORL,Jacque Vaughn,82,1,82,1,1,ORL
2013,PHI,Doug Collins,82,1,82,1,1,PHI
2013,PHO,Alvin Gentry,41,1,41,1,2,PHX
2013,PHO,Lindsey Hunter,41,42,82,2,2,PHX
2013,POR,Terry Stotts,82,1,82,1,1,POR
2013,SAC,Keith Smart,82,1,82,1,1,SAC
2013,SAS,Gregg Popovich,82,1,82,1,1,SAS
2013,TOR,Dwane Casey,82,1,82,1,1,TOR
2013,UTA,Tyrone Corbin,82,1,82,1,1,UTA
2013,WAS,Randy Wittman,82,1,82,1,1,WAS
2014,ATL,Mike Budenholzer,82,1,82,1,1,ATL
2014,BOS,Brad Stevens,82,1,82,1,1,BOS
2014,BRK,Jason Kidd,82,1,82,1,1,BKN
2014,CHA,Steve Clifford,82,1,82,1,1,CHA
2014,CHI,Tom Thibodeau,82,1,82,1,1,CHI
2014,CLE,Mike Brown,82,1,82,1,1,CLE
2014,DAL,Rick Carlisle,82,1,82,1,1,DAL
2014,DEN,Brian Shaw,82,1,82,1,1,DEN
2014,DET,Maurice Cheeks,50,1,50,1,2,DET
2014,DET,John Loyer,32,51,82,2,2,DET
2014,GSW,Mark Jackson,82,1,82,1,1,GSW
2014,HOU,Kevin McHale,82,1,82,1,1,HOU
2014,IND,Frank Vogel,82,1,82,1,1,IND
2014,LAC,Doc Rivers,82,1,82,1,1,LAC
2014,LAL,Mike D'Antoni,82,1,82,1,1,LAL
2014,MEM,Dave Joerger,82,1,82,1,1,MEM
2014,MIA,Erik Spoelstra,82,1,82,1,1,MIA
2014,MIL,Larry Drew,82,1,82,1,1,MIL
2014,MIN,Rick Adelman,82,1,82,1,1,MIN
2014,NOP,Monty Williams,82,1,82,1,1,NOP
2014,NYK,Mike Woodson,82,1,82,1,1,NYK
2014,OKC,Scott Brooks,82,1,82,1,1,OKC
2014,ORL,Jacque Vaughn,82,1,82,1,1,ORL
2014,PHI,Brett Brown,82,1,82,1,1,PHI
2014,PHO,Jeff Hornacek,82,1,82,1,1,PHX
2014,POR,Terry Stotts,82,1,82,1,1,POR
2014,SAC,Michael Malone,82,1,82,1,1,SAC
2014,SAS,Gregg Popovich,82,1,82,1,1,SAS
2014,TOR,Dwane Casey,82,1,82,1,1,TOR
2014,UTA,Tyrone Corbin,82,1,82,1,1,UTA
2014,WAS,Randy Wittman,82,1,82,1,1,WAS
2015,ATL,Mike Budenholzer,82,1,82,1,1,ATL
2015,BOS,Brad Stevens,82,1,82,1,1,BOS
2015,BRK,Lionel Hollins,82,1,82,1,1,BKN
2015,CHI,Tom Thibodeau,82,1,82,1,1,CHI
2015,CHO,Steve Clifford,82,1,82,1,1,CHA
2015,CLE,David Blatt,82,1,82,1,1,CLE
2015,DAL,Rick Carlisle,82,1,82,1,1,DAL
2015,DEN,Brian Shaw,59,1,59,1,2,DEN
2015,DEN,Melvin Hunt,23,60,82,2,2,DEN
2015,DET,Stan Van Gundy,82,1,82,1,1,DET
2015,GSW,Steve Kerr,82,1,82,1,1,GSW
2015,HOU,Kevin McHale,82,1,82,1,1,HOU
2015,IND,Frank Vogel,82,1,82,1,1,IND
2015,LAC,Doc Rivers,82,1,82,1,1,LAC
2015,LAL,Byron Scott,82,1,82,1,1,LAL
2015,MEM,Dave Joerger,82,1,82,1,1,MEM
2015,MIA,Erik Spoelstra,82,1,82,1,1,MIA
2015,MIL,Jason Kidd,82,1,82,1,1,MIL
2015,MIN,Flip Saunders,82,1,82,1,1,MIN
2015,NOP,Monty Williams,82,1,82,1,1,NOP
2015,NYK,Derek Fisher,82,1,82,1,1,NYK
2015,OKC,Scott Brooks,82,1,82,1,1,OKC
2015,ORL,Jacque Vaughn,52,1,52,1,2,ORL
2015,ORL,James Borrego,30,53,82,2,2,ORL
2015,PHI,Brett Brown,82,1,82,1,1,PHI
2015,PHO,Jeff Hornacek,82,1,82,1,1,PHX
2015,POR,Terry Stotts,82,1,82,1,1,POR
2015,SAC,Michael Malone,24,1,24,1,3,SAC
2015,SAC,Tyrone Corbin,28,25,52,2,3,SAC
2015,SAC,George Karl,30,53,82,3,3,SAC
2015,SAS,Gregg Popovich,82,1,82,1,1,SAS
2015,TOR,Dwane Casey,82,1,82,1,1,TOR
2015,UTA,Quin Snyder,82,1,82,1,1,UTA
2015,WAS,Randy Wittman,82,1,82,1,1,WAS
2016,ATL,Mike Budenholzer,82,1,82,1,1,ATL
2016,BOS,Brad Stevens,82,1,82,1,1,BOS
2016,BRK,Lionel Hollins,37,1,37,1,2,BKN
2016,BRK,Tony Brown,45,38,82,2,2,BKN
2016,CHI,Fred Hoiberg,82,1,82,1,1,CHI
2016,CHO,Steve Clifford,82,1,82,1,1,CHA
2016,CLE,David Blatt,41,1,41,1,2,CLE
2016,CLE,Tyronn Lue,41,42,82,2,2,CLE
2016,DAL,Rick Carlisle,82,1,82,1,1,DAL
2016,DEN,Michael Malone,82,1,82,1,1,DEN
2016,DET,Stan Van Gundy,82,1,82,1,1,DET
2016,GSW,Steve Kerr,82,1,82,1,1,GSW
2016,HOU,Kevin McHale,11,1,11,1,2,HOU
2016,HOU,J.B. Bickerstaff,71,12,82,2,2,HOU
2016,IND,Frank Vogel,82,1,82,1,1,IND
2016,LAC,Doc Rivers,82,1,82,1,1,LAC
2016,LAL,Byron Scott,82,1,82,1,1,LAL
2016,MEM,Dave Joerger,82,1,82,1,1,MEM
2016,MIA,Erik Spoelstra,82,1,82,1,1,MIA
2016,MIL,Jason Kidd,82,1,82,1,1,MIL
2016,MIN,Sam Mitchell,82,1,82,1,1,MIN
2016,NOP,Alvin Gentry,82,1,82,1,1,NOP
2016,NYK,Derek Fisher,54,1,54,1,2,NYK
2016,NYK,Kurt Rambis,28,55,82,2,2,NYK
2016,OKC,Billy Donovan,82,1,82,1,1,OKC
2016,ORL,Scott Skiles,82,1,82,1,1,ORL
2016,PHI,Brett Brown,82,1,82,1,1,PHI
2016,PHO,Jeff Hornacek,49,1,49,1,2,PHX
2016,PHO,Earl Watson,33,50,82,2,2,PHX
2016,POR,Terry Stotts,82,1,82,1,1,POR
2016,SAC,George Karl,82,1,82,1,1,SAC
2016,SAS,Gregg Popovich,82,1,82,1,1,SAS
2016,TOR,Dwane Casey,82,1,82,1,1,TOR
2016,UTA,Quin Snyder,82,1,82,1,1,UTA
2016,WAS,Randy Wittman,82,1,82,1,1,WAS
2018,ATL,Mike Budenholzer,82,1,82,1,1,ATL
2018,BOS,Brad Stevens,82,1,82,1,1,BOS
2018,BRK,Kenny Atkinson,82,1,82,1,1,BKN
2018,CHI,Fred Hoiberg,82,1,82,1,1,CHI
2018,CHO,Steve Clifford,82,1,82,1,1,CHA
2018,CLE,Tyronn Lue,82,1,82,1,1,CLE
2018,DAL,Rick Carlisle,82,1,82,1,1,DAL
2018,DEN,Michael Malone,82,1,82,1,1,DEN
2018,DET,Stan Van Gundy,82,1,82,1,1,DET
2018,GSW,Steve Kerr,82,1,82,1,1,GSW
2018,HOU,Mike D'Antoni,82,1,82,1,1,HOU
2018,IND,Nate McMillan,82,1,82,1,1,IND
2018,LAC,Doc Rivers,82,1,82,1,1,LAC
2018,LAL,Luke Walton,82,1,82,1,1,LAL
2018,MEM,David Fizdale,19,1,19,1,2,MEM
2018,MEM,J.B. Bickerstaff,63,20,82,2,2,MEM
2018,MIA,Erik Spoelstra,82,1,82,1,1,MIA
2018,MIL,Jason Kidd,45,1,45,1,2,MIL
2018,MIL,Joe Prunty,37,46,82,2,2,MIL
2018,MIN,Tom Thibodeau,82,1,82,1,1,MIN
2018,NOP,Alvin Gentry,82,1,82,1,1,NOP
2018,NYK,Jeff Hornacek,82,1,82,1,1,NYK
2018,OKC,Billy Donovan,82,1,82,1,1,OKC
2018,ORL,Frank Vogel,82,1,82,1,1,ORL
2018,PHI,Brett Brown,82,1,82,1,1,PHI
2018,PHO,Earl Watson,3,1,3,1,2,PHX
2018,PHO,Jay Triano,79,4,82,2,2,PHX
2018,POR,Terry Stotts,82,1,82,1,1,POR
2018,SAC,Dave Joerger,82,1,82,1,1,SAC
2018,SAS,Gregg Popovich,82,1,82,1,1,SAS
2018,TOR,Dwane Casey,82,1,82,1,1,TOR
2018,UTA,Quin Snyder,82,1,82,1,1,UTA
2018,WAS,Scott Brooks,82,1,82,1,1,WAS
2019,ATL,Lloyd Pierce,82,1,82,1,1,ATL
2019,BOS,Brad Stevens,82,1,82,1,1,BOS
2019,BRK,Kenny Atkinson,82,1,82,1,1,BKN
2019,CHI,Fred Hoiberg,24,1,24,1,2,CHI
2019,CHI,Jim Boylen,58,25,82,2,2,CHI
2019,CHO,James Borrego,82,1,82,1,1,CHA
2019,CLE,Tyronn Lue,6,1,6,1,2,CLE
2019,CLE,Larry Drew,76,7,82,2,2,CLE
2019,DAL,Rick Carlisle,82,1,82,1,1,DAL
2019,DEN,Michael Malone,82,1,82,1,1,DEN
2019,DET,Dwane Casey,82,1,82,1,1,DET
2019,GSW,Steve Kerr,82,1,82,1,1,GSW
2019,HOU,Mike D'Antoni,82,1,82,1,1,HOU
2019,IND,Nate McMillan,82,1,82,1,1,IND
2019,LAC,Doc Rivers,82,1,82,1,1,LAC
2019,LAL,Luke Walton,82,1,82,1,1,LAL
2019,MEM,J.B. Bickerstaff,82,1,82,1,1,MEM
2019,MIA,Erik Spoelstra,82,1,82,1,1,MIA
2019,MIL,Mike Budenholzer,82,1,82,1,1,MIL
2019,MIN,Tom Thibodeau,40,1,40,1,2,MIN
2019,MIN,Ryan Saunders,42,41,82,2,2,MIN
2019,NOP,Alvin Gentry,82,1,82,1,1,NOP
2019,NYK,David Fizdale,82,1,82,1,1,NYK
2019,OKC,Billy Donovan,82,1,82,1,1,OKC
2019,ORL,Steve Clifford,82,1,82,1,1,ORL
2019,PHI,Brett Brown,82,1,82,1,1,PHI
2019,PHO,Igor Kokoskov,82,1,82,1,1,PHX
2019,POR,Terry Stotts,82,1,82,1,1,POR
2019,SAC,Dave Joerger,82,1,82,1,1,SAC
2019,SAS,Gregg Popovich,82,1,82,1,1,SAS
2019,TOR,Nick Nurse,82,1,82,1,1,TOR
2019,UTA,Quin Snyder,82,1,82,1,1,UTA
2019,WAS,Scott Brooks,82,1,82,1,1,WAS
2020,ATL,Lloyd Pierce,67,1,67,1,1,ATL
2020,BOS,Brad Stevens,72,1,72,1,1,BOS
2020,BRK,Kenny Atkinson,62,1,62,1,2,BKN
2020,BRK,Jacque Vaughn,10,63,72,2,2,BKN
2020,CHI,Jim Boylen,65,1,65,1,1,CHI
2020,CHO,James Borrego,65,1,65,1,1,CHA
2020,CLE,John Beilein,54,1,54,1,2,CLE
2020,CLE,J.B. Bickerstaff,11,55,65,2,2,CLE
2020,DAL,Rick Carlisle,75,1,75,1,1,DAL
2020,DEN,Michael Malone,73,1,73,1,1,DEN
2020,DET,Dwane Casey,66,1,66,1,1,DET
2020,GSW,Steve Kerr,65,1,65,1,1,GSW
2020,HOU,Mike D'Antoni,72,1,72,1,1,HOU
2020,IND,Nate McMillan,73,1,73,1,1,IND
2020,LAC,Doc Rivers,72,1,72,1,1,LAC
2020,LAL,Frank Vogel,71,1,71,1,1,LAL
2020,MEM,Taylor Jenkins,73,1,73,1,1,MEM
2020,MIA,Erik Spoelstra,73,1,73,1,1,MIA
2020,MIL,Mike Budenholzer,73,1,73,1,1,MIL
2020,MIN,Ryan Saunders,64,1,64,1,1,MIN
2020,NOP,Alvin Gentry,72,1,72,1,1,NOP
2020,NYK,David Fizdale,22,1,22,1,2,NYK
2020,NYK,Mike Miller,44,23,66,2,2,NYK
2020,OKC,Billy Donovan,72,1,72,1,1,OKC
2020,ORL,Steve Clifford,73,1,73,1,1,ORL
2020,PHI,Brett Brown,73,1,73,1,1,PHI
2020,PHO,Monty Williams,73,1,73,1,1,PHX
2020,POR,Terry Stotts,74,1,74,1,1,POR
2020,SAC,Luke Walton,72,1,72,1,1,SAC
2020,SAS,Gregg Popovich,71,1,71,1,1,SAS
2020,TOR,Nick Nurse,72,1,72,1,1,TOR
2020,UTA,Quin Snyder,72,1,72,1,1,UTA
2020,WAS,Scott Brooks,72,1,72,1,1,WAS
2021,ATL,Lloyd Pierce,34,1,34,1,2,ATL
2021,ATL,Nate McMillan,38,35,72,2,2,ATL
2021,BOS,Brad Stevens,72,1,72,1,1,BOS
2021,BRK,Steve Nash,72,1,72,1,1,BKN
2021,CHI,Billy Donovan,72,1,72,1,1,CHI
2021,CHO,James Borrego,72,1,72,1,1,CHA
2021,CLE,J.B. Bickerstaff,72,1,72,1,1,CLE
2021,DAL,Rick Carlisle,72,1,72,1,1,DAL
2021,DEN,Michael Malone,72,1,72,1,1,DEN
2021,DET,Dwane Casey,72,1,72,1,1,DET
2021,GSW,Steve Kerr,72,1,72,1,1,GSW
2021,HOU,Stephen Silas,72,1,72,1,1,HOU
2021,IND,Nate Bjorkgren,72,1,72,1,1,IND
2021,LAC,Tyronn Lue,72,1,72,1,1,LAC
2021,LAL,Frank Vogel,72,1,72,1,1,LAL
2021,MEM,Taylor Jenkins,72,1,72,1,1,MEM
2021,MIA,Erik Spoelstra,72,1,72,1,1,MIA
2021,MIL,Mike Budenholzer,72,1,72,1,1,MIL
2021,MIN,Ryan Saunders,31,1,31,1,2,MIN
2021,MIN,Chris Finch,41,32,72,2,2,MIN
2021,NOP,Stan Van Gundy,72,1,72,1,1,NOP
2021,NYK,Tom Thibodeau,72,1,72,1,1,NYK
2021,OKC,Mark Daigneault,72,1,72,1,1,OKC
2021,ORL,Steve Clifford,72,1,72,1,1,ORL
2021,PHI,Doc Rivers,72,1,72,1,1,PHI
2021,PHO,Monty Williams,72,1,72,1,1,PHX
2021,POR,Terry Stotts,72,1,72,1,1,POR
2021,SAC,Luke Walton,72,1,72,1,1,SAC
2021,SAS,Gregg Popovich,72,1,72,1,1,SAS
2021,TOR,Nick Nurse,72,1,72,1,1,TOR
2021,UTA,Quin Snyder,72,1,72,1,1,UTA
2021,WAS,Scott Brooks,72,1,72,1,1,WAS
2022,ATL,Nate McMillan,82,1,82,1,1,ATL
2022,BKN,Steve Nash,82,1,82,1,1,BKN
2022,BOS,Ime Udoka,82,1,82,1,1,BOS
2022,CHA,James Borrego,82,1,82,1,1,CHA
2022,CHI,Billy Donovan,82,1,82,1,1,CHI
2022,CLE,J.B. Bickerstaff,82,1,82,1,1,CLE
2022,DAL,Jason Kidd,82,1,82,1,1,DAL
2022,DEN,Michael Malone,82,1,82,1,1,DEN
2022,DET,Dwane Casey,82,1,82,1,1,DET
2022,GSW,Steve Kerr,82,1,82,1,1,GSW
2022,HOU,Stephen Silas,82,1,82,1,1,HOU
2022,IND,Rick Carlisle,82,1,82,1,1,IND
2022,LAC,Tyronn Lue,82,1,82,1,1,LAC
2022,LAL,Frank Vogel,82,1,82,1,1,LAL
2022,MEM,Taylor Jenkins,82,1,82,1,1,MEM
2022,MIA,Erik Spoelstra,82,1,82,1,1,MIA
2022,MIL,Mike Budenholzer,82,1,82,1,1,MIL
2022,MIN,Chris Finch,82,1,82,1,1,MIN
2022,NOP,Willie Green,82,1,82,1,1,NOP
2022,NYK,Tom Thibodeau,82,1,82,1,1,NYK
2022,OKC,Mark Daigneault,82,1,82,1,1,OKC
2022,ORL,Jamahl Mosley,82,1,82,1,1,ORL
2022,PHI,Doc Rivers,82,1,82,1,1,PHI
2022,PHX,Monty Williams,82,1,82,1,1,PHX
2022,POR,Chauncey Billups,82,1,82,1,1,POR
2022,SAC,Luke Walton,17,1,17,1,2,SAC
2022,SAC,Alvin Gentry,65,18,82,2,2,SAC
2022,SAS,Gregg Popovich,82,1,82,1,1,SAS
2022,TOR,Nick Nurse,82,1,82,1,1,TOR
2022,UTA,Quin Snyder,82,1,82,1,1,UTA
2022,WAS,Wes Unseld,82,1,82,1,1,WAS
2023,ATL,Nate McMillan,59,1,59,1,3,ATL
2023,ATL,Joe Prunty,2,60,61,2,3,ATL
2023,ATL,Quin Snyder,21,62,82,3,3,ATL
2023,BKN,Steve Nash,7,1,7,1,2,BKN
2023,BKN,Jacque Vaughn,75,8,82,2,2,BKN
2023,BOS,Joe Mazzulla,82,1,82,1,1,BOS
2023,CHA,Steve Clifford,82,1,82,1,1,CHA
2023,CHI,Billy Donovan,82,1,82,1,1,CHI
2023,CLE,J.B. Bickerstaff,82,1,82,1,1,CLE
2023,DAL,Jason Kidd,82,1,82,1,1,DAL
2023,DEN,Michael Malone,82,1,82,1,1,DEN
2023,DET,Dwane Casey,82,1,82,1,1,DET
2023,GSW,Steve Kerr,82,1,82,1,1,GSW
2023,HOU,Stephen Silas,82,1,82,1,1,HOU
2023,IND,Rick Carlisle,82,1,82,1,1,IND
2023,LAC,Tyronn Lue,82,1,82,1,1,LAC
2023,LAL,Darvin Ham,82,1,82,1,1,LAL
2023,MEM,Taylor Jenkins,82,1,82,1,1,MEM
2023,MIA,Erik Spoelstra,82,1,82,1,1,MIA
2023,MIL,Mike Budenholzer,82,1,82,1,1,MIL
2023,MIN,Chris Finch,82,1,82,1,1,MIN
2023,NOP,Willie Green,82,1,82,1,1,NOP
2023,NYK,Tom Thibodeau,82,1,82,1,1,NYK
2023,OKC,Mark Daigneault,82,1,82,1,1,OKC
2023,ORL,Jamahl Mosley,82,1,82,1,1,ORL
2023,PHI,Doc Rivers,82,1,82,1,1,PHI
2023,PHX,Monty Williams,82,1,82,1,1,PHX
2023,POR,Chauncey Billups,82,1,82,1,1,POR
2023,SAC,Mike Brown,82,1,82,1,1,SAC
2023,SAS,Gregg Popovich,82,1,82,1,1,SAS
2023,TOR,Nick Nurse,82,1,82,1,1,TOR
2023,UTA,Will Hardy,82,1,82,1,1,UTA
2023,WAS,Wes Unseld,82,1,82,1,1,WAS
2024,ATL,Quin Snyder,82,1,82,1,1,ATL
2024,BKN,Jacque Vaughn,54,1,54,1,2,BKN
2024,BKN,Kevin Ollie,28,55,82,2,2,BKN
2024,BOS,Joe Mazzulla,82,1,82,1,1,BOS
2024,CHA,Steve Clifford,82,1,82,1,1,CHA
2024,CHI,Billy Donovan,82,1,82,1,1,CHI
2024,CLE,J.B. Bickerstaff,82,1,82,1,1,CLE
2024,DAL,Jason Kidd,82,1,82,1,1,DAL
2024,DEN,Michael Malone,82,1,82,1,1,DEN
2024,DET,Monty Williams,82,1,82,1,1,DET
2024,GSW,Steve Kerr,82,1,82,1,1,GSW
2024,HOU,Ime Udoka,82,1,82,1,1,HOU
2024,IND,Rick Carlisle,82,1,82,1,1,IND
2024,LAC,Tyronn Lue,82,1,82,1,1,LAC
2024,LAL,Darvin Ham,82,1,82,1,1,LAL
2024,MEM,Taylor Jenkins,82,1,82,1,1,MEM
2024,MIA,Erik Spoelstra,82,1,82,1,1,MIA
2024,MIL,Adrian Griffin,43,1,43,1,3,MIL
2024,MIL,Joe Prunty,3,44,46,2,3,MIL
2024,MIL,Doc Rivers,36,47,82,3,3,MIL
2024,MIN,Chris Finch,82,1,82,1,1,MIN
2024,NOP,Willie Green,82,1,82,1,1,NOP
2024,NYK,Tom Thibodeau,82,1,82,1,1,NYK
2024,OKC,Mark Daigneault,82,1,82,1,1,OKC
2024,ORL,Jamahl Mosley,82,1,82,1,1,ORL
2024,PHI,Nick Nurse,82,1,82,1,1,PHI
2024,PHX,Frank Vogel,82,1,82,1,1,PHX
2024,POR,Chauncey Billups,82,1,82,1,1,POR
2024,SAC,Mike Brown,82,1,82,1,1,SAC
2024,SAS,Gregg Popovich,82,1,82,1,1,SAS
2024,TOR,Darko Rajakovic,82,1,82,1,1,TOR
2024,UTA,Will Hardy,82,1,82,1,1,UTA
2024,WAS,Wes Unseld,43,1,43,1,2,WAS
2024,WAS,Brian Keefe,39,44,82,2,2,WAS
2025,ATL,Quin Snyder,82,1,82,1,1,ATL
2025,BKN,Jordi Fernandez,82,1,82,1,1,BKN
2025,BOS,Joe Mazzulla,82,1,82,1,1,BOS
2025,CHA,Charles Lee,82,1,82,1,1,CHA
2025,CHI,Billy Donovan,82,1,82,1,1,CHI
2025,CLE,Kenny Atkinson,82,1,82,1,1,CLE
2025,DAL,Jason Kidd,82,1,82,1,1,DAL
2025,DEN,Michael Malone,79,1,79,1,2,DEN
2025,DEN,David Adelman,3,80,82,2,2,DEN
2025,DET,J.B. Bickerstaff,82,1,82,1,1,DET
2025,GSW,Steve Kerr,82,1,82,1,1,GSW
2025,HOU,Ime Udoka,82,1,82,1,1,HOU
2025,IND,Rick Carlisle,82,1,82,1,1,IND
2025,LAC,Tyronn Lue,82,1,82,1,1,LAC
2025,LAL,JJ Redick,82,1,82,1,1,LAL
2025,MEM,Taylor Jenkins,73,1,73,1,2,MEM
2025,MEM,Tuomas Iisalo,9,74,82,2,2,MEM
2025,MIA,Erik Spoelstra,82,1,82,1,1,MIA
2025,MIL,Doc Rivers,82,1,82,1,1,MIL
2025,MIN,Chris Finch,82,1,82,1,1,MIN
2025,NOP,Willie Green,82,1,82,1,1,NOP
2025,NYK,Tom Thibodeau,82,1,82,1,1,NYK
2025,OKC,Mark Daigneault,82,1,82,1,1,OKC
2025,ORL,Jamahl Mosley,82,1,82,1,1,ORL
2025,PHI,Nick Nurse,82,1,82,1,1,PHI
2025,PHX,Mike Budenholzer,82,1,82,1,1,PHX
2025,POR,Chauncey Billups,82,1,82,1,1,POR
2025,SAC,Mike Brown,31,1,31,1,2,SAC
2025,SAC,Doug Christie,51,32,82,2,2,SAC
2025,SAS,Gregg Popovich,5,1,5,1,2,SAS
2025,SAS,Mitch Johnson,77,6,82,2,2,SAS
2025,TOR,Darko Rajakovic,82,1,82,1,1,TOR
2025,UTA,Will Hardy,82,1,82,1,1,UTA
2025,WAS,Brian Keefe,82,1,82,1,1,WAS
